"V1","V2","V3"
"0.0107714220576459","0","A"
"0.221549380688803","0.1","A"
"0.347550875995586","0.2","A"
"0.447846577899093","0.3","A"
"0.600281589548723","0.4","A"
"2.03525836846958","0.5","A"
"0.0184947375536535","0","B"
"1.01332705999516","0.1","B"
"1.11982917020958","0.2","B"
"0.830402788105446","0.3","B"
"1.81744382906554","0.4","B"
"6.20339893918248","0.5","B"
"0.0398682821546673","0","C"
"0.781300571657016","0.1","C"
"1.34891252673534","0.2","C"
"1.67636809289802","0.3","C"
"2.42501644273329","0.4","C"
"8.20778786700699","0.5","C"
"0.0308423329204719","0","A"
"0.145260094719228","0.1","A"
"0.291072149676457","0.2","A"
"0.52759583511787","0.3","A"
"0.868345568203706","0.4","A"
"1.24112063262145","0.5","A"
"0.0302715860109327","0","B"
"0.498812195403499","0.1","B"
"0.936795297914853","0.2","B"
"2.17717408413871","0.3","B"
"2.41891409558584","0.4","B"
"4.10166690479806","0.5","B"
"0.0928385132705429","0","C"
"0.460073465521728","0.1","C"
"1.16864192425808","0.2","C"
"2.03253815524138","0.3","C"
"3.32267828228199","0.4","C"
"4.84467452694829","0.5","C"
"0.112620773300095","0","A"
"0.0340597533291369","0.1","A"
"0.300498775231756","0.2","A"
"0.431961679818069","0.3","A"
"0.707861877973114","0.4","A"
"1.1276963099793","0.5","A"
"0.258431204239283","0","B"
"0.0512120452003674","0.1","B"
"0.911333684684055","0.2","B"
"1.4877514172196","0.3","B"
"1.78744492902813","0.4","B"
"3.97130404514341","0.5","B"
"0.360867094152895","0","C"
"0.126615879200025","0.1","C"
"1.13361336595244","0.2","C"
"1.65458001273947","0.3","C"
"2.80767556095109","0.4","C"
"4.43346369115398","0.5","C"
"0.0461463298379363","0","A"
"0.0809053555703893","0.1","A"
"0.406139502372603","0.2","A"
"0.449986645657947","0.3","A"
"1.14314510903851","0.4","A"
"1.25874764013975","0.5","A"
"0.0424099720656619","0","B"
"0.0809878438924131","0.1","B"
"1.24722618113458","0.2","B"
"1.66519814767902","0.3","B"
"3.56934872154686","0.4","B"
"3.73020821571385","0.5","B"
"0.145354890848106","0","C"
"0.22415486975466","0.1","C"
"1.7015473711879","0.2","C"
"1.80112951722308","0.3","C"
"4.61851890288","0.4","C"
"4.97887779736714","0.5","C"
"0.0433534315006745","0","A"
"0.0294598149760218","0.1","A"
"0.31056574977587","0.2","A"
"0.583104523601586","0.3","A"
"1.36662731540327","0.4","A"
"1.28182300365235","0.5","A"
"0.153161638237062","0","B"
"0.0935848022067515","0.1","B"
"0.696116310362898","0.2","B"
"2.31931404112558","0.3","B"
"4.75379111836864","0.4","B"
"3.98856980407666","0.5","B"
"0.126345222234857","0","C"
"0.0814526598758672","0.1","C"
"1.14462538120986","0.2","C"
"2.33663845891415","0.3","C"
"5.33019442868771","0.4","C"
"4.86986830055553","0.5","C"
"0.0085426679411534","0","A"
"0.059944824697782","0.1","A"
"0.202339400905716","0.2","A"
"0.354286373710125","0.3","A"
"0.658963860111527","0.4","A"
"1.00349095939035","0.5","A"
"0.0223789697541753","0","B"
"0.0814508376397212","0.1","B"
"0.332772004589224","0.2","B"
"1.16148306238612","0.3","B"
"2.35275930450205","0.4","B"
"3.43469891708311","0.5","B"
"0.022034456942707","0","C"
"0.207592715482076","0.1","C"
"0.769541401464651","0.2","C"
"1.32504189799702","0.3","C"
"2.64960882579891","0.4","C"
"4.02677661006156","0.5","C"
"0.0490686459528546","0","A"
"0.0704900469477949","0.1","A"
"0.385585057491082","0.2","A"
"0.598033420583512","0.3","A"
"1.01146448869426","0.4","A"
"1.32454853001513","0.5","A"
"0.0514366319868755","0","B"
"0.147138330221593","0.1","B"
"1.41780163804914","0.2","B"
"1.4042451097604","0.3","B"
"3.43090906301438","0.4","B"
"4.46905160778269","0.5","B"
"0.125808390858273","0","C"
"0.260933263412432","0.1","C"
"1.5165926398651","0.2","C"
"2.26798751479215","0.3","C"
"4.06970702746248","0.4","C"
"5.33521568821199","0.5","C"
"0.0132110052252167","0","A"
"0.0705738567768548","0.1","A"
"0.191579659996515","0.2","A"
"0.431279215965594","0.3","A"
"0.700440048937367","0.4","A"
"1.35489338744549","0.5","A"
"0.0145973064598235","0","B"
"0.185325242727188","0.1","B"
"0.474344392996422","0.2","B"
"1.68292743688973","0.3","B"
"2.32826473950836","0.4","B"
"3.86668894438339","0.5","B"
"0.034299095458816","0","C"
"0.223218361946104","0.1","C"
"0.746481225320612","0.2","C"
"1.68218483329355","0.3","C"
"2.75702268506662","0.4","C"
"5.23114124538066","0.5","C"
"0.0379357872038738","0","A"
"0.100570086410937","0.1","A"
"0.147875579637084","0.2","A"
"0.670897632212646","0.3","A"
"1.00753058355347","0.4","A"
"1.18577744615964","0.5","A"
"0.088447099511691","0","B"
"0.296999376245471","0.1","B"
"0.446512642291523","0.2","B"
"1.39479272703948","0.3","B"
"2.89070618857072","0.4","B"
"3.60446964139189","0.5","B"
"0.107159491334901","0","C"
"0.378742173971022","0.1","C"
"0.498945538727291","0.2","C"
"2.61066356560376","0.3","C"
"3.95184181713371","0.4","C"
"4.57663279725736","0.5","C"
"0.0035106247631161","0","A"
"0.101902026303492","0.1","A"
"0.291078673411891","0.2","A"
"0.358039897254528","0.3","A"
"0.543894315350045","0.4","A"
"1.58586067730113","0.5","A"
"0.00593153436282544","0","B"
"0.237764599010779","0.1","B"
"0.698357084478082","0.2","B"
"0.968563000321771","0.3","B"
"1.69136476713384","0.4","B"
"5.28462375051027","0.5","B"
"0.00908276091743274","0","C"
"0.354805442865413","0.1","C"
"1.03475300137132","0.2","C"
"1.40808110909135","0.3","C"
"2.16440997488951","0.4","C"
"6.28462103055309","0.5","C"
"0.0856839826327327","0","A"
"0.0900398978811422","0.1","A"
"0.200648144607437","0.2","A"
"0.424536898590165","0.3","A"
"1.19372650167374","0.4","A"
"1.34705690628716","0.5","A"
"0.0876959052266614","0","B"
"0.221131620591137","0.1","B"
"0.319384347643901","0.2","B"
"1.12042734620246","0.3","B"
"3.14537232480092","0.4","B"
"4.03866599857539","0.5","B"
"0.225172352519643","0","C"
"0.290777887248088","0.1","C"
"0.762299974640073","0.2","C"
"1.62168867294608","0.3","C"
"4.63702245169532","0.4","C"
"5.2518678177037","0.5","C"
"0.077842525735123","0","A"
"0.0408865610212847","0.1","A"
"0.246374666810593","0.2","A"
"0.295701533524363","0.3","A"
"1.0662717087674","0.4","A"
"1.77395789101673","0.5","A"
"0.0957798248766273","0","B"
"0.0548961541680127","0.1","B"
"0.71920446796159","0.2","B"
"0.95200247458589","0.3","B"
"3.71452931395535","0.4","B"
"5.83351431038095","0.5","B"
"0.237984624762224","0","C"
"0.136587103236621","0.1","C"
"0.959615486681784","0.2","C"
"1.14437216998261","0.3","C"
"4.18185652731063","0.4","C"
"6.97880802982765","0.5","C"
"0.0429283060982841","0","A"
"0.085318826815291","0.1","A"
"0.356094988000772","0.2","A"
"0.477509073619373","0.3","A"
"0.890524489829492","0.4","A"
"1.58277750462636","0.5","A"
"0.189793087872184","0","B"
"0.10473205075993","0.1","B"
"0.882562107392602","0.2","B"
"1.46696659067852","0.3","B"
"3.25987271686462","0.4","B"
"5.18363575751671","0.5","B"
"0.125435887664063","0","C"
"0.238459961521452","0.1","C"
"1.33830825492453","0.2","C"
"1.84088821646243","0.3","C"
"3.54766993106568","0.4","C"
"6.19358050817044","0.5","C"
"0.0392462939892086","0","A"
"0.113540881872516","0.1","A"
"0.330911668240942","0.2","A"
"0.546038910589404","0.3","A"
"0.870940844067846","0.4","A"
"1.0463959084011","0.5","A"
"0.107328487273093","0","B"
"0.154300067629626","0.1","B"
"0.762827595915548","0.2","B"
"1.44180453920473","0.3","B"
"3.09497764970709","0.4","B"
"3.64681087002451","0.5","B"
"0.135141970064983","0","C"
"0.387080984176059","0.1","C"
"1.26333964370811","0.2","C"
"1.8808356779261","0.3","C"
"3.39257424553128","0.4","C"
"4.17870338224505","0.5","C"
"0.0222441403063003","0","A"
"0.11211477105474","0.1","A"
"0.179712991432133","0.2","A"
"0.432164888993114","0.3","A"
"0.947143517730285","0.4","A"
"1.27276628179502","0.5","A"
"0.0286135840597671","0","B"
"0.556124284309382","0.1","B"
"0.473279713370932","0.2","B"
"1.28278624711826","0.3","B"
"3.33319339393693","0.4","B"
"3.28725940254262","0.5","B"
"0.0562519609731174","0","C"
"0.407188206981709","0.1","C"
"0.685116527674728","0.2","C"
"1.62379629404499","0.3","C"
"3.72021601480264","0.4","C"
"4.86258154867766","0.5","C"
"0.0425358636080445","0","A"
"0.0677935128996174","0.1","A"
"0.413406073436831","0.2","A"
"0.362784256292572","0.3","A"
"0.620916402728044","0.4","A"
"1.34935178452366","0.5","A"
"0.0649009374341669","0","B"
"0.0885347773704833","0.1","B"
"1.42399738912665","0.2","B"
"0.903255217892036","0.3","B"
"1.70985276349454","0.4","B"
"3.36878582058351","0.5","B"
"0.113639603237592","0","C"
"0.230032632118934","0.1","C"
"1.58591716653081","0.2","C"
"1.38068743165396","0.3","C"
"2.55328129102226","0.4","C"
"5.25869049672435","0.5","C"
"0.091022500425203","0","A"
"0.145727504966477","0.1","A"
"0.259904776405813","0.2","A"
"0.415517760526254","0.3","A"
"0.761096637426867","0.4","A"
"1.29554960767833","0.5","A"
"0.220918589967345","0","B"
"0.16616991884089","0.1","B"
"0.696785756935401","0.2","B"
"1.39050503430777","0.3","B"
"2.15949967310101","0.4","B"
"3.40336656779476","0.5","B"
"0.251699423510372","0","C"
"0.487136127104906","0.1","C"
"0.911600874271296","0.2","C"
"1.60261632399364","0.3","C"
"3.0250766683919","0.4","C"
"4.96819056789284","0.5","C"
"0.0758194382276164","0","A"
"0.0418007879648885","0.1","A"
"0.359832451079973","0.2","A"
"0.474545566333842","0.3","A"
"0.972743763206181","0.4","A"
"1.24991716234848","0.5","A"
"0.125267223577276","0","B"
"0.0771405610927209","0.1","B"
"1.27525664284341","0.2","B"
"1.71654094583797","0.3","B"
"3.53568964097725","0.4","B"
"3.81198056385626","0.5","B"
"0.200330831548181","0","C"
"0.159564424991997","0.1","C"
"1.41941964284437","0.2","C"
"1.84581776933877","0.3","C"
"3.79110417659601","0.4","C"
"4.9045776821603","0.5","C"
"0.0424226441925458","0","A"
"0.0408953627899443","0.1","A"
"0.270973419847903","0.2","A"
"0.553165236075203","0.3","A"
"0.66470580138331","0.4","A"
"1.55701714785333","0.5","A"
"0.163152167047719","0","B"
"0.128686141339271","0.1","B"
"0.593109510558207","0.2","B"
"1.4493960029488","0.3","B"
"2.16141489867272","0.4","B"
"4.71579364021699","0.5","B"
"0.119941835069061","0","C"
"0.160632820203156","0.1","C"
"1.01589426527317","0.2","C"
"2.15363002664616","0.3","C"
"2.55693635772589","0.4","C"
"6.16230936005662","0.5","C"
"0.0384437489116593","0","A"
"0.0450216265106646","0.1","A"
"0.110899230825279","0.2","A"
"0.424396928183505","0.3","A"
"0.731716451876829","0.4","A"
"1.18199460007966","0.5","A"
"0.0614811959766544","0","B"
"0.120105205925588","0.1","B"
"0.161678326764446","0.2","B"
"1.588556804081","0.3","B"
"2.09391715615631","0.4","B"
"3.40650617446579","0.5","B"
"0.111230043569163","0","C"
"0.164400127107912","0.1","C"
"0.326438776112293","0.2","C"
"1.61368305594345","0.3","C"
"2.87171806945462","0.4","C"
"4.85583531450228","0.5","C"
"0.0602650788915269","0","A"
"0.0472901049121477","0.1","A"
"0.279953303241762","0.2","A"
"0.49579284260563","0.3","A"
"0.723545423807261","0.4","A"
"1.42844393162864","0.5","A"
"0.0600490936888677","0","B"
"0.0469056231726858","0.1","B"
"0.960259273665422","0.2","B"
"1.72448346436563","0.3","B"
"2.35333192675399","0.4","B"
"4.61538856928748","0.5","B"
"0.157117212128525","0","C"
"0.12542337355747","0.1","C"
"1.10599399677951","0.2","C"
"1.94916161753946","0.3","C"
"2.85640638753202","0.4","C"
"5.81965614956911","0.5","C"
"0.0360750352992923","0","A"
"0.0623793255509714","0.1","A"
"0.226933656299171","0.2","A"
"0.615262816232026","0.3","A"
"0.933721745566156","0.4","A"
"1.27575321480068","0.5","A"
"0.0348420022362433","0","B"
"0.115399908561971","0.1","B"
"0.489836421867909","0.2","B"
"2.33871996913049","0.3","B"
"2.49789583620403","0.4","B"
"4.55102691657787","0.5","B"
"0.100429446968576","0","C"
"0.232323081429058","0.1","C"
"0.852752691373858","0.2","C"
"2.39831485539707","0.3","C"
"3.62401172728372","0.4","C"
"4.85332437807191","0.5","C"
"0.0713071239984405","0","A"
"0.0218169391008207","0.1","A"
"0.0567895066545251","0.2","A"
"0.50761690611227","0.3","A"
"0.96455992046837","0.4","A"
"1.2220962288554","0.5","A"
"0.102861848819464","0","B"
"0.0723412941169601","0.1","B"
"0.193062856615914","0.2","B"
"1.37730457888109","0.3","B"
"2.92053708379852","0.4","B"
"3.61292605410936","0.5","B"
"0.215100022131662","0","C"
"0.0760557561539651","0.1","C"
"0.211184809336518","0.2","C"
"1.90309350673395","0.3","C"
"3.75003129510915","0.4","C"
"4.97092818412553","0.5","C"
"0.0837197502675653","0","A"
"0.0690286626052216","0.1","A"
"0.138104568861434","0.2","A"
"0.559627382158896","0.3","A"
"1.07378652060675","0.4","A"
"1.37491916936396","0.5","A"
"0.0928286444827861","0","B"
"0.235325033172313","0.1","B"
"0.562267571354487","0.2","B"
"1.53552810307388","0.3","B"
"3.67850853026484","0.4","B"
"5.51622715956036","0.5","B"
"0.21526428624583","0","C"
"0.24592460324752","0.1","C"
"0.555659997853281","0.2","C"
"2.23908511159451","0.3","C"
"4.32806795600726","0.4","C"
"5.21809114287419","0.5","C"
"0.0872159978092483","0","A"
"0.192298972966842","0.1","A"
"0.303800529042783","0.2","A"
"0.394583306441977","0.3","A"
"0.433108357962042","0.4","A"
"1.56891339595034","0.5","A"
"0.381932941341943","0","B"
"0.889638240730673","0.1","B"
"1.01300048735399","0.2","B"
"1.03409528334574","0.3","B"
"0.991725649192215","0.4","B"
"5.19139169681245","0.5","B"
"0.31636043453335","0","C"
"0.659023987989748","0.1","C"
"1.14682301391052","0.2","C"
"1.50821941683523","0.3","C"
"1.67760372921051","0.4","C"
"6.05429517804652","0.5","C"
"0.112705550190946","0","A"
"0.146703935739818","0.1","A"
"0.230144257239311","0.2","A"
"0.611087998239883","0.3","A"
"1.0703394370872","0.4","A"
"1.51231709678574","0.5","A"
"0.12890438837142","0","B"
"0.451065380879052","0.1","B"
"0.524777732159534","0.2","B"
"1.65413170261267","0.3","B"
"3.66215151315064","0.4","B"
"4.76678578553049","0.5","B"
"0.374840192844581","0","C"
"0.499427980276584","0.1","C"
"0.906241802986165","0.2","C"
"2.33766234692425","0.3","C"
"4.24307460754354","0.4","C"
"5.97085046536491","0.5","C"
"0.0394705105764614","0","A"
"0.0928241417964342","0.1","A"
"0.269754061775377","0.2","A"
"0.362597284504089","0.3","A"
"0.750368158467789","0.4","A"
"1.39957378203975","0.5","A"
"0.0635887320900909","0","B"
"0.242685484376269","0.1","B"
"0.967088950150998","0.2","B"
"0.899238602670311","0.3","B"
"1.70455658667139","0.4","B"
"4.38657994562883","0.5","B"
"0.103491556708299","0","C"
"0.331340436198679","0.1","C"
"1.07879049735797","0.2","C"
"1.39492839240541","0.3","C"
"2.87973872542682","0.4","C"
"5.41338139621203","0.5","C"
"0.0508964251243204","0","A"
"0.119115440208653","0.1","A"
"0.380065551524981","0.2","A"
"0.298830142580355","0.3","A"
"1.13405297574202","0.4","A"
"1.41278832944501","0.5","A"
"0.0529611749015034","0","B"
"0.113983375284872","0.1","B"
"1.65594937193081","0.2","B"
"1.18328588487883","0.3","B"
"2.79587530039144","0.4","B"
"3.7667243569439","0.5","B"
"0.136384909133332","0","C"
"0.348290997329975","0.1","C"
"1.3660493545752","0.2","C"
"1.12011590667015","0.3","C"
"4.45098820059504","0.4","C"
"5.5763614802844","0.5","C"
"0.017935994979837","0","A"
"0.0600992647468632","0.1","A"
"0.313959399103754","0.2","A"
"0.476480830331981","0.3","A"
"1.1297714098916","0.4","A"
"0.999698145708948","0.5","A"
"0.034731996358584","0","B"
"0.209578667511796","0.1","B"
"0.669224383237729","0.2","B"
"1.80986201063496","0.3","B"
"4.21326884224587","0.4","B"
"2.77235147399852","0.5","B"
"0.0469670321012155","0","C"
"0.181539509084134","0.1","C"
"1.18674593656879","0.2","C"
"1.86724351251098","0.3","C"
"4.47682400118011","0.4","C"
"3.8917992424919","0.5","C"
"0.0235341380985947","0","A"
"0.149725875829461","0.1","A"
"0.381514538576907","0.2","A"
"0.653017923707834","0.3","A"
"0.76592741366414","0.4","A"
"1.28367502206119","0.5","A"
"0.0563353532933212","0","B"
"0.240834095824665","0.1","B"
"0.828495259624932","0.2","B"
"1.82469788851476","0.3","B"
"2.39412334884214","0.4","B"
"3.88773005448317","0.5","B"
"0.0609147635746162","0","C"
"0.547178906097742","0.1","C"
"1.42108365056226","0.2","C"
"2.55778966418423","0.3","C"
"3.01353466829076","0.4","C"
"5.10940259737886","0.5","C"
"0.0314183052130664","0","A"
"0.0695575414277115","0.1","A"
"0.226145682032896","0.2","A"
"0.59945416060245","0.3","A"
"0.671848892197701","0.4","A"
"1.14258428500335","0.5","A"
"0.100610285455526","0","B"
"0.183309680436347","0.1","B"
"0.73988680336999","0.2","B"
"1.5396306881521","0.3","B"
"2.01410232836641","0.4","B"
"3.29261544756369","0.5","B"
"0.0913215787784664","0","C"
"0.234273782801949","0.1","C"
"0.833334788561675","0.2","C"
"2.38722558346089","0.3","C"
"2.66281102905007","0.4","C"
"4.57457242645514","0.5","C"
"0.0188499175018227","0","A"
"0.137368937302384","0.1","A"
"0.214560276485293","0.2","A"
"0.345540813795914","0.3","A"
"0.81949652604719","0.4","A"
"1.17476155157799","0.5","A"
"0.0181321221542913","0","B"
"0.39116569547189","0.1","B"
"0.961288226496598","0.2","B"
"1.35347624671164","0.3","B"
"2.39158007890483","0.4","B"
"2.94699134060104","0.5","B"
"0.0585319570578306","0","C"
"0.416178556990783","0.1","C"
"0.818980911345621","0.2","C"
"1.32119904811379","0.3","C"
"3.22537365281742","0.4","C"
"4.66122097019684","0.5","C"
"0.0376925144208152","0","A"
"0.0857168506542618","0.1","A"
"0.110264305459103","0.2","A"
"0.481359732708273","0.3","A"
"1.14525200935388","0.4","A"
"0.957727482372104","0.5","A"
"0.0449479311748733","0","B"
"0.0990514843893943","0.1","B"
"0.418992769796773","0.2","B"
"1.45261046717378","0.3","B"
"2.8605127335796","0.4","B"
"3.42655067215902","0.5","B"
"0.102402814702272","0","C"
"0.231505547575207","0.1","C"
"0.416282161199978","0.2","C"
"1.89506136703007","0.3","C"
"4.53499049151178","0.4","C"
"3.86637997758847","0.5","C"
"0.0882554806128187","0","A"
"0.0245012017561982","0.1","A"
"0.190652327127752","0.2","A"
"0.462521557038733","0.3","A"
"0.429054234900915","0.4","A"
"0.878972653432863","0.5","A"
"0.113826997703263","0","B"
"0.0315290519010257","0.1","B"
"0.659561137674769","0.2","B"
"1.45986183603106","0.3","B"
"0.873104765168753","0.4","B"
"2.42441321302831","0.5","B"
"0.278774315677112","0","C"
"0.0838776879196549","0.1","C"
"0.737345650558756","0.2","C"
"1.7689794647112","0.3","C"
"1.68174966588372","0.4","C"
"3.36380300353844","0.5","C"
"0.0459309713380757","0","A"
"0.106593163019728","0.1","A"
"0.218161175638224","0.2","A"
"0.477272047369659","0.3","A"
"1.19494656839296","0.4","A"
"1.34894106251038","0.5","A"
"0.0561002380467066","0","B"
"0.208636846955061","0.1","B"
"0.642010368951885","0.2","B"
"1.35725262567782","0.3","B"
"3.59327852082461","0.4","B"
"4.45029145596403","0.5","B"
"0.136761099881427","0","C"
"0.407876113975519","0.1","C"
"0.797455437717963","0.2","C"
"1.76450213600318","0.3","C"
"4.66174880525793","0.4","C"
"5.37474684009692","0.5","C"
"0.0329878141498529","0","A"
"0.0919573518010637","0.1","A"
"0.223902977183656","0.2","A"
"0.747470595036334","0.3","A"
"1.09621417744616","0.4","A"
"1.59181805757588","0.5","A"
"0.049096667442551","0","B"
"0.244935718999571","0.1","B"
"0.7016522371079","0.2","B"
"2.37081307063777","0.3","B"
"4.02572070806172","0.4","B"
"4.25597088903541","0.5","B"
"0.0824995767933304","0","C"
"0.291562900274329","0.1","C"
"0.862139411564296","0.2","C"
"2.95161715378797","0.3","C"
"4.42508788681457","0.4","C"
"6.26282174563595","0.5","C"
"0.0756649767463675","0","A"
"0.145096887579686","0.1","A"
"0.215044752892076","0.2","A"
"0.420031938604488","0.3","A"
"0.956199938517104","0.4","A"
"1.62718265601342","0.5","A"
"0.13215023558248","0","B"
"0.470368080649011","0.1","B"
"0.880774789203392","0.2","B"
"1.31694717956438","0.3","B"
"3.54885083371577","0.4","B"
"4.18106275343525","0.5","B"
"0.257336877616383","0","C"
"0.474352664048549","0.1","C"
"0.800219597073504","0.2","C"
"1.5952225521537","0.3","C"
"3.75776794434698","0.4","C"
"6.32882968847117","0.5","C"
"0.0380153024037517","0","A"
"0.0891342116754568","0.1","A"
"0.356773837939331","0.2","A"
"0.560389980408595","0.3","A"
"0.420011942589409","0.4","A"
"1.21905151182588","0.5","A"
"0.0512808563810645","0","B"
"0.17358971875424","0.1","B"
"0.588746127206619","0.2","B"
"1.88322407809818","0.3","B"
"1.24782457926336","0.4","B"
"4.57965994147157","0.5","B"
"0.12300283078552","0","C"
"0.276416149643204","0.1","C"
"1.26687717318384","0.2","C"
"2.20248325763261","0.3","C"
"1.68549836876514","0.4","C"
"4.50476360964231","0.5","C"
"0.0301259364738735","0","A"
"0.0431971699044702","0.1","A"
"0.315018912919616","0.2","A"
"0.300476627308996","0.3","A"
"1.13266305369616","0.4","A"
"1.23395203238648","0.5","A"
"0.0589702644811361","0","B"
"0.127391817639638","0.1","B"
"0.988376671228146","0.2","B"
"0.721449198232563","0.3","B"
"3.62856835334615","0.4","B"
"4.64748087238244","0.5","B"
"0.0846060607101998","0","C"
"0.155041094860827","0.1","C"
"1.13833372732424","0.2","C"
"1.22624220188482","0.3","C"
"4.46243900335641","0.4","C"
"4.8837974365279","0.5","C"
"0.0774800935730952","0","A"
"0.0945892915542044","0.1","A"
"0.288143517362242","0.2","A"
"0.229447424467678","0.3","A"
"0.755006854301303","0.4","A"
"1.23822707835808","0.5","A"
"0.146138136211176","0","B"
"0.333722589849015","0.1","B"
"1.02182158979472","0.2","B"
"0.929987337971394","0.3","B"
"2.07915289675995","0.4","B"
"4.42262943238888","0.5","B"
"0.215444106654211","0","C"
"0.316584875373751","0.1","C"
"1.07329853682197","0.2","C"
"0.881708866419724","0.3","C"
"2.95339711849563","0.4","C"
"4.78772884392476","0.5","C"
"0.0209847716674245","0","A"
"0.0807148365589131","0.1","A"
"0.27714721535403","0.2","A"
"0.590706841140183","0.3","A"
"0.86483417547025","0.4","A"
"0.811575968748156","0.5","A"
"0.0783090728335238","0","B"
"0.170756595572268","0.1","B"
"0.851538703265832","0.2","B"
"1.26741165295962","0.3","B"
"3.55995498716053","0.4","B"
"2.82845206917693","0.5","B"
"0.0625542612476428","0","C"
"0.298843902139359","0.1","C"
"1.03907678951825","0.2","C"
"2.17784773142074","0.3","C"
"3.3640905561515","0.4","C"
"3.20410017356838","0.5","C"
"0.0321023655206227","0","A"
"0.0561944567243359","0.1","A"
"0.343901177664821","0.2","A"
"0.347217674067599","0.3","A"
"0.879757451186268","0.4","A"
"1.37326185749866","0.5","A"
"0.0763611802835317","0","B"
"0.148892659114628","0.1","B"
"1.02694933537718","0.2","B"
"1.20707436071561","0.3","B"
"3.20778196255774","0.4","B"
"4.46066832510008","0.5","B"
"0.0815450128445181","0","C"
"0.195413711213168","0.1","C"
"1.27635282803618","0.2","C"
"1.38464616974153","0.3","C"
"3.4176798177834","0.4","C"
"5.47891061418361","0.5","C"
"0.0457823907863249","0","A"
"0.0629816071486489","0.1","A"
"0.166513243257938","0.2","A"
"0.446520123056624","0.3","A"
"1.01019450378913","0.4","A"
"0.977416690815522","0.5","A"
"0.0745970386988277","0","B"
"0.172421798094682","0.1","B"
"0.397512311669335","0.2","B"
"1.21689224140128","0.3","B"
"2.64096543192404","0.4","B"
"3.60712540191936","0.5","B"
"0.128160667260926","0","C"
"0.225909942314822","0.1","C"
"0.653397463346609","0.2","C"
"1.75658148019548","0.3","C"
"4.04450965470623","0.4","C"
"3.84132209757403","0.5","C"
"0.0789043821035442","0","A"
"0.0976096792725773","0.1","A"
"0.405186276124336","0.2","A"
"0.541270641780764","0.3","A"
"0.816445715176276","0.4","A"
"1.21403647143787","0.5","A"
"0.0862586020225145","0","B"
"0.138785576826441","0.1","B"
"1.33737234751638","0.2","B"
"1.59965269393894","0.3","B"
"2.31128584639713","0.4","B"
"3.52588019458214","0.5","B"
"0.203444982320026","0","C"
"0.274876732273426","0.1","C"
"1.58950722144029","0.2","C"
"2.17397162883971","0.3","C"
"3.05712954147409","0.4","C"
"4.81861639336072","0.5","C"
"0.0492283996635815","0","A"
"0.0759525600342813","0.1","A"
"0.197539567022017","0.2","A"
"0.555926220954819","0.3","A"
"0.563511596527545","0.4","A"
"1.21605403847261","0.5","A"
"0.0701146067784155","0","B"
"0.205055935656575","0.1","B"
"0.705057651530617","0.2","B"
"1.91129324889525","0.3","B"
"1.7826867577873","0.4","B"
"3.96818412491194","0.5","B"
"0.125540397905321","0","C"
"0.282643922162351","0.1","C"
"0.793699208159923","0.2","C"
"2.05828624574598","0.3","C"
"2.28704821211707","0.4","C"
"4.61866599085273","0.5","C"
"0.0556573333944608","0","A"
"0.0637242445235811","0.1","A"
"0.306132268039439","0.2","A"
"0.809587784338941","0.3","A"
"0.878528632995376","0.4","A"
"1.34820564128441","0.5","A"
"0.163108807442642","0","B"
"0.237564958364363","0.1","B"
"1.1821699950582","0.2","B"
"2.54210457407577","0.3","B"
"2.63075469527068","0.4","B"
"4.98489216196101","0.5","B"
"0.185627481100315","0","C"
"0.228063565977695","0.1","C"
"1.13587853567015","0.2","C"
"3.20819133083203","0.3","C"
"3.34080658778553","0.4","C"
"5.30285880749567","0.5","C"
"0.0572842432151971","0","A"
"0.0995017972143168","0.1","A"
"0.475200858243735","0.2","A"
"0.272032286135496","0.3","A"
"0.750352241536784","0.4","A"
"1.16803897867186","0.5","A"
"0.135841868474072","0","B"
"0.240127930909195","0.1","B"
"1.28471744904889","0.2","B"
"0.983923180882759","0.3","B"
"2.62898003973764","0.4","B"
"3.79419898816841","0.5","B"
"0.150441199131971","0","C"
"0.337717969638035","0.1","C"
"1.80148240629415","0.2","C"
"1.11197458270451","0.3","C"
"2.9851328515855","0.4","C"
"4.62028335363034","0.5","C"
"0.0234000621844058","0","A"
"0.0945744726888719","0.1","A"
"0.44440728221976","0.2","A"
"0.587859173721784","0.3","A"
"0.818639112439401","0.4","A"
"1.64008865439385","0.5","A"
"0.0304078359175427","0","B"
"0.331296564367605","0.1","B"
"1.67130215608373","0.2","B"
"1.73294124514077","0.3","B"
"3.13065367270038","0.4","B"
"5.51912121814081","0.5","B"
"0.0579209614183447","0","C"
"0.326402276406831","0.1","C"
"1.74603838734898","0.2","C"
"2.40479715563828","0.3","C"
"3.15440100585878","0.4","C"
"6.21617200442889","0.5","C"
"0.0458122700189508","0","A"
"0.0618519729310422","0.1","A"
"0.30547363978","0.2","A"
"0.45377664281931","0.3","A"
"0.803067434434079","0.4","A"
"1.64640979166903","0.5","A"
"0.0485823498944658","0","B"
"0.0586991007304542","0.1","B"
"0.721537953844286","0.2","B"
"1.88366973815222","0.3","B"
"2.17651634025238","0.4","B"
"5.87034001371527","0.5","B"
"0.145361913294653","0","C"
"0.199570448880746","0.1","C"
"1.14835585884712","0.2","C"
"1.71043544001916","0.3","C"
"3.18126108569561","0.4","C"
"6.64873642149606","0.5","C"
"0.0431675964564919","0","A"
"0.175921374244615","0.1","A"
"0.264498933328762","0.2","A"
"0.449776519451693","0.3","A"
"1.07503780802238","0.4","A"
"1.5327774617277","0.5","A"
"0.10613631155623","0","B"
"0.594510381147245","0.1","B"
"0.613173143868703","0.2","B"
"1.85676315685343","0.3","B"
"3.69200160485496","0.4","B"
"4.35061828342236","0.5","B"
"0.137641649719997","0","C"
"0.671674325332046","0.1","C"
"1.0171449007788","0.2","C"
"1.78984391069558","0.3","C"
"4.25264393533086","0.4","C"
"6.01099097335907","0.5","C"
"0.0454247268296268","0","A"
"0.0818708269338751","0.1","A"
"0.243269744700147","0.2","A"
"0.521467225166741","0.3","A"
"0.639063520574142","0.4","A"
"1.0207960919283","0.5","A"
"0.0706938716336567","0","B"
"0.364325532033161","0.1","B"
"0.703854281239622","0.2","B"
"1.67541731472239","0.3","B"
"1.87112510755114","0.4","B"
"2.99420159983618","0.5","B"
"0.115451729669936","0","C"
"0.257625637851333","0.1","C"
"0.927723899570671","0.2","C"
"2.04772195607162","0.3","C"
"2.52864083202595","0.4","C"
"3.95474416562716","0.5","C"
"0.0447938613233581","0","A"
"0.0404301022520662","0.1","A"
"0.214231921835581","0.2","A"
"0.363162251517655","0.3","A"
"0.879172298205945","0.4","A"
"1.44737176732417","0.5","A"
"0.0906986252361719","0","B"
"0.0526295560282382","0.1","B"
"0.839798312230692","0.2","B"
"1.06271598804083","0.3","B"
"2.45125636712869","0.4","B"
"4.15738046511176","0.5","B"
"0.129621317668041","0","C"
"0.119667114879877","0.1","C"
"0.816529259037787","0.2","C"
"1.43850134071373","0.3","C"
"3.50528798686882","0.4","C"
"5.61526279579373","0.5","C"
"0.0585772504331319","0","A"
"0.0716035812844155","0.1","A"
"0.305337452473831","0.2","A"
"0.521156803688662","0.3","A"
"0.738044645653332","0.4","A"
"1.05650080837695","0.5","A"
"0.114079069099786","0","B"
"0.283053624619594","0.1","B"
"0.478533200656903","0.2","B"
"1.50242443089367","0.3","B"
"2.52100564424541","0.4","B"
"3.45919957467301","0.5","B"
"0.148927284433695","0","C"
"0.252837267825227","0.1","C"
"1.01586616134843","0.2","C"
"2.07243683663432","0.3","C"
"2.90468612041718","0.4","C"
"4.11171666010375","0.5","C"
"0.0603015057642976","0","A"
"0.148537487063071","0.1","A"
"0.288386037084695","0.2","A"
"0.586421351058782","0.3","A"
"0.545027455868055","0.4","A"
"1.24698143772629","0.5","A"
"0.0668391563078538","0","B"
"0.282433252802716","0.1","B"
"1.00238466238318","0.2","B"
"2.15041603924618","0.3","B"
"2.10658104459626","0.4","B"
"3.77289238964075","0.5","B"
"0.165339293227826","0","C"
"0.546108941134276","0.1","C"
"1.09631594816538","0.2","C"
"2.38487677748575","0.3","C"
"2.16429135187108","0.4","C"
"4.95875480152086","0.5","C"
"0.0203378348167469","0","A"
"0.103976410141856","0.1","A"
"0.250293313277946","0.2","A"
"0.58733966946424","0.3","A"
"0.883729328417553","0.4","A"
"1.54225243911023","0.5","A"
"0.0310527063670053","0","B"
"0.334782735234006","0.1","B"
"0.866667858045915","0.2","B"
"1.83872321097741","0.3","B"
"2.38777819627175","0.4","B"
"4.9229671662464","0.5","B"
"0.0543452935464445","0","C"
"0.409657229370392","0.1","C"
"0.919384029280543","0.2","C"
"2.2799656639103","0.3","C"
"3.35611061122222","0.4","C"
"5.9460982505927","0.5","C"
"0.0573450960819419","0","A"
"0.193842492941826","0.1","A"
"0.320654277191087","0.2","A"
"0.393862550432986","0.3","A"
"0.676440257869172","0.4","A"
"1.59018252242378","0.5","A"
"0.157406460230965","0","B"
"0.826446730769366","0.1","B"
"0.873824681779818","0.2","B"
"1.08908387267724","0.3","B"
"2.47061445773129","0.4","B"
"5.18525897519197","0.5","B"
"0.160594230235402","0","C"
"0.679345569969321","0.1","C"
"1.23930628270897","0.2","C"
"1.49394765335504","0.3","C"
"2.62806510484988","0.4","C"
"6.28774991675551","0.5","C"
"0.0722235957806165","0","A"
"0.0400473782914261","0.1","A"
"0.255099135168188","0.2","A"
"0.589488894042173","0.3","A"
"0.681441978495868","0.4","A"
"0.878172474721148","0.5","A"
"0.0917629274802791","0","B"
"0.121658479252244","0.1","B"
"0.786016202683049","0.2","B"
"1.25832256951797","0.3","B"
"2.56713997808786","0.4","B"
"2.14880901215246","0.5","B"
"0.237949922826295","0","C"
"0.134539093201373","0.1","C"
"0.97280583568622","0.2","C"
"2.30311497572105","0.3","C"
"2.75174682101804","0.4","C"
"3.47884954814513","0.5","C"
"0.0110485627619016","0","A"
"0.0727075140865381","0.1","A"
"0.0603480130259431","0.2","A"
"0.643241305569486","0.3","A"
"0.668734328594879","0.4","A"
"1.77192503868171","0.5","A"
"0.0118020279558303","0","B"
"0.0875677203166493","0.1","B"
"0.087063851464868","0.2","B"
"1.87344102264715","0.3","B"
"2.75393226516601","0.4","B"
"5.14163940148634","0.5","B"
"0.0353219549703696","0","C"
"0.253420527008573","0.1","C"
"0.182221595497687","0.2","C"
"2.56496281790181","0.3","C"
"2.69007465278841","0.4","C"
"7.03332787015823","0.5","C"
"0.0325975734560308","0","A"
"0.113944312561775","0.1","A"
"0.257843679206178","0.2","A"
"0.79762777047839","0.3","A"
"0.801067183857422","0.4","A"
"1.6846076546606","0.5","A"
"0.0310840391586645","0","B"
"0.208534070790398","0.1","B"
"0.884291986724073","0.2","B"
"2.69099829345889","0.3","B"
"2.59992878919207","0.4","B"
"4.44944873743908","0.5","B"
"0.0988936858411973","0","C"
"0.357963186817081","0.1","C"
"0.98219688332297","0.2","C"
"3.1315410829686","0.3","C"
"3.10955589335471","0.4","C"
"6.66199024919169","0.5","C"
"0.0378252316956664","0","A"
"0.0403677582601197","0.1","A"
"0.290224148212836","0.2","A"
"0.437303457344263","0.3","A"
"0.84925125862461","0.4","A"
"1.20510316699185","0.5","A"
"0.0381432640236385","0","B"
"0.0397921272225491","0.1","B"
"0.765433430874113","0.2","B"
"1.39860771782894","0.3","B"
"3.02946756879059","0.4","B"
"3.6131454061334","0.5","B"
"0.104766691849575","0","C"
"0.112037378273151","0.1","C"
"1.13251159479534","0.2","C"
"1.70278140029006","0.3","C"
"3.24463754364789","0.4","C"
"4.82959769811793","0.5","C"
"0.035250353343712","0","A"
"0.200296897651092","0.1","A"
"0.21217795078568","0.2","A"
"0.383863075294355","0.3","A"
"0.828596216804314","0.4","A"
"1.3043188783035","0.5","A"
"0.1176247255817","0","B"
"0.33141159533696","0.1","B"
"0.536831122962376","0.2","B"
"1.67371436826215","0.3","B"
"2.32441407824939","0.4","B"
"3.96173877099113","0.5","B"
"0.0920183930622115","0","C"
"0.698575046543022","0.1","C"
"0.808555880691612","0.2","C"
"1.44297000710433","0.3","C"
"3.27922927595356","0.4","C"
"5.12504491258149","0.5","C"
"0.03118590247571","0","A"
"0.0896576595023081","0.1","A"
"0.130530192521816","0.2","A"
"0.665304651623081","0.3","A"
"1.12002278679639","0.4","A"
"1.13826989526825","0.5","A"
"0.0428243533237418","0","B"
"0.314617469036366","0.1","B"
"0.498318052609197","0.2","B"
"1.87133845004509","0.3","B"
"3.56937623196041","0.4","B"
"3.84218316509504","0.5","B"
"0.0821020019528906","0","C"
"0.273378456205733","0.1","C"
"0.494594469143496","0.2","C"
"2.64493973164356","0.3","C"
"4.34474732582898","0.4","C"
"4.75810369504356","0.5","C"
"0.0389026448726584","0","A"
"0.118159570436087","0.1","A"
"0.0986088004010286","0.2","A"
"0.54895605526049","0.3","A"
"0.911464106493302","0.4","A"
"1.62301393031083","0.5","A"
"0.0390147429716306","0","B"
"0.190603955467386","0.1","B"
"0.367328683222691","0.2","B"
"2.01955336370425","0.3","B"
"3.00629801035678","0.4","B"
"6.25153228380572","0.5","B"
"0.100054686400604","0","C"
"0.40789016595745","0.1","C"
"0.307984994990193","0.2","C"
"2.18897784241303","0.3","C"
"3.63075643738913","0.4","C"
"6.49158891306651","0.5","C"
"0.146942416387892","0","A"
"0.0456337308591052","0.1","A"
"0.235219065440677","0.2","A"
"0.386709560484476","0.3","A"
"0.788850061995297","0.4","A"
"1.18672132459854","0.5","A"
"0.170579437455428","0","B"
"0.165335027211465","0.1","B"
"0.533378355595351","0.2","B"
"1.49371404346851","0.3","B"
"2.41380545730302","0.4","B"
"3.7006834413602","0.5","B"
"0.388427692198599","0","C"
"0.124213291431999","0.1","C"
"0.858323712265063","0.2","C"
"1.52751738919908","0.3","C"
"3.16284081610364","0.4","C"
"4.6318004604387","0.5","C"
"0.0204890097636714","0","A"
"0.0794440979646055","0.1","A"
"0.30688966875944","0.2","A"
"0.521205526539574","0.3","A"
"0.905252711168335","0.4","A"
"1.12477051793581","0.5","A"
"0.0260703403573723","0","B"
"0.0772739761968527","0.1","B"
"0.580458290405338","0.2","B"
"1.13701067949523","0.3","B"
"2.75876975959649","0.4","B"
"2.85662261980496","0.5","B"
"0.0534111911660204","0","C"
"0.219822622341265","0.1","C"
"1.04688325759374","0.2","C"
"2.00998402708934","0.3","C"
"3.54174599331963","0.4","C"
"4.30924969957853","0.5","C"
"0.0426328778269599","0","A"
"0.0355023838530043","0.1","A"
"0.214177132524555","0.2","A"
"0.384757917749513","0.3","A"
"0.982096748915764","0.4","A"
"1.8116828638986","0.5","A"
"0.0652322358911986","0","B"
"0.108749648789951","0.1","B"
"0.765349997528245","0.2","B"
"1.17291646734753","0.3","B"
"3.95898600107196","0.4","B"
"5.5911272464788","0.5","B"
"0.111900978830612","0","C"
"0.0947502005743594","0.1","C"
"0.807109694699282","0.2","C"
"1.5130535349674","0.3","C"
"3.975749198087","0.4","C"
"7.1978959776358","0.5","C"
"0.0239051381461092","0","A"
"0.123408812966052","0.1","A"
"0.32002689144861","0.2","A"
"0.442729094962532","0.3","A"
"0.620155938516439","0.4","A"
"0.995816863828052","0.5","A"
"0.024303350512941","0","B"
"0.311431557244113","0.1","B"
"0.649472452324781","0.2","B"
"0.870104087923638","0.3","B"
"1.18455493946573","0.4","B"
"3.03964783224615","0.5","B"
"0.061142202685562","0","C"
"0.431652955195556","0.1","C"
"1.14193280491648","0.2","C"
"1.72785584851951","0.3","C"
"2.34657200222081","0.4","C"
"3.81855728945631","0.5","C"
"0.0766008603098946","0","A"
"0.0740928856251863","0.1","A"
"0.499345131327539","0.2","A"
"0.829146237139782","0.3","A"
"0.913081481180915","0.4","A"
"1.2185395554325","0.5","A"
"0.0797361246206102","0","B"
"0.0702774064324849","0.1","B"
"1.23407134932494","0.2","B"
"3.00850680530383","0.3","B"
"2.85402954649143","0.4","B"
"4.19928805090409","0.5","B"
"0.196527577908073","0","C"
"0.21488759344253","0.1","C"
"1.97198506073496","0.2","C"
"3.20764490985782","0.3","C"
"3.56752918294071","0.4","C"
"4.79013740525274","0.5","C"
"0.0339089572032996","0","A"
"0.123759476121157","0.1","A"
"0.140969433729526","0.2","A"
"0.474780486820072","0.3","A"
"0.607311209275906","0.4","A"
"1.38996757220411","0.5","A"
"0.0758883978150578","0","B"
"0.171448445967859","0.1","B"
"0.393473175723496","0.2","B"
"0.987831244683785","0.3","B"
"1.76862380425765","0.4","B"
"4.13096896388823","0.5","B"
"0.0871996011811832","0","C"
"0.444212181841426","0.1","C"
"0.539502268091421","0.2","C"
"1.78808684368038","0.3","C"
"2.45659274350834","0.4","C"
"5.39105494954757","0.5","C"
"0.0454730942253342","0","A"
"0.0399780356695114","0.1","A"
"0.0863328491817967","0.2","A"
"0.451621751714687","0.3","A"
"0.962354184225171","0.4","A"
"1.43220824464273","0.5","A"
"0.168375626165157","0","B"
"0.0468906712384548","0.1","B"
"0.0821877330348925","0.2","B"
"1.54201976034146","0.3","B"
"2.42391724802523","0.4","B"
"4.62663921891471","0.5","B"
"0.121714545982626","0","C"
"0.131464677636742","0.1","C"
"0.253656360225566","0.2","C"
"1.80378358521367","0.3","C"
"3.75448602195336","0.4","C"
"5.62117976844181","0.5","C"
"0.0460482564468919","0","A"
"0.148986944603631","0.1","A"
"0.283699037690497","0.2","A"
"0.389489746836819","0.3","A"
"1.0577599157327","0.4","A"
"1.46947211111713","0.5","A"
"0.0495805775454324","0","B"
"0.455373907549189","0.1","B"
"1.10203845319921","0.2","B"
"1.52972507894952","0.3","B"
"3.42949478200029","0.4","B"
"5.12421640703174","0.5","B"
"0.124957889351264","0","C"
"0.487227255567871","0.1","C"
"1.06096744396133","0.2","C"
"1.45120395360261","0.3","C"
"4.18924412019216","0.4","C"
"5.79780014252107","0.5","C"
"0.0417550142935072","0","A"
"0.167281798219053","0.1","A"
"0.195993985581763","0.2","A"
"0.421678367339457","0.3","A"
"1.10464157534849","0.4","A"
"1.56529627930528","0.5","A"
"0.0938229830798008","0","B"
"0.236992005258311","0.1","B"
"0.473981118722183","0.2","B"
"1.14398597891605","0.3","B"
"3.34083467784581","0.4","B"
"5.05999880591416","0.5","B"
"0.124176876557348","0","C"
"0.585875620259519","0.1","C"
"0.715518992599811","0.2","C"
"1.69119132641747","0.3","C"
"4.37972179332093","0.4","C"
"6.20202589911973","0.5","C"
"0.0488960430491289","0","A"
"0.10725348345276","0.1","A"
"0.134283755446865","0.2","A"
"0.33237045441748","0.3","A"
"0.954571644210943","0.4","A"
"1.92544085115014","0.5","A"
"0.0751446960821621","0","B"
"0.196785258336209","0.1","B"
"0.530173931363617","0.2","B"
"0.933799748961846","0.3","B"
"2.7457461080824","0.4","B"
"6.1863811113226","0.5","B"
"0.125904081585435","0","C"
"0.355861270569484","0.1","C"
"0.480255325562972","0.2","C"
"1.27819620913204","0.3","C"
"3.75651575662657","0.4","C"
"7.7392920106104","0.5","C"
"0.106999484330227","0","A"
"0.0737373884633274","0.1","A"
"0.137101513892288","0.2","A"
"0.469097514600772","0.3","A"
"0.758286964832505","0.4","A"
"1.65186875265676","0.5","A"
"0.124780204561505","0","B"
"0.183853546816409","0.1","B"
"0.450083476422809","0.2","B"
"0.754094296593084","0.3","B"
"2.61335050000287","0.4","B"
"5.30640126723821","0.5","B"
"0.272046749284779","0","C"
"0.244458631593269","0.1","C"
"0.527641228010539","0.2","C"
"1.80064411941773","0.3","C"
"2.96878961507921","0.4","C"
"6.27475583764929","0.5","C"
"0.00356126593062005","0","A"
"0.0707417448387331","0.1","A"
"0.222231860264097","0.2","A"
"0.359472495845971","0.3","A"
"1.09014252795814","0.4","A"
"1.53983736824869","0.5","A"
"0.00394065027297788","0","B"
"0.162633996903508","0.1","B"
"0.610117871805133","0.2","B"
"0.945034706275006","0.3","B"
"3.18553594329813","0.4","B"
"4.93313685714052","0.5","B"
"0.00863824449520919","0","C"
"0.243798957940831","0.1","C"
"0.873999334238608","0.2","C"
"1.44653933528983","0.3","C"
"4.25533016001902","0.4","C"
"6.00708089309453","0.5","C"
"0.0564303774121182","0","A"
"0.0861432837304393","0.1","A"
"0.314885395983228","0.2","A"
"0.379285527628226","0.3","A"
"1.02604845877571","0.4","A"
"1.08120081717167","0.5","A"
"0.0620194658603585","0","B"
"0.395882174354764","0.1","B"
"1.11991312073769","0.2","B"
"1.60935144471786","0.3","B"
"3.3970029888665","0.4","B"
"3.04758689866672","0.5","B"
"0.159437577710421","0","C"
"0.289826941036299","0.1","C"
"1.21022570716733","0.2","C"
"1.40642266311946","0.3","C"
"4.06952160410816","0.4","C"
"4.30681188552402","0.5","C"
"0.0461180340852849","0","A"
"0.0885314692072403","0.1","A"
"0.376572124910338","0.2","A"
"0.571164145773307","0.3","A"
"0.798653224791278","0.4","A"
"1.39544815850211","0.5","A"
"0.153056456258949","0","B"
"0.219437574701786","0.1","B"
"0.923891839282531","0.2","B"
"1.60701974871251","0.3","B"
"2.38121355248128","0.4","B"
"4.48429712102661","0.5","B"
"0.149203338285209","0","C"
"0.311745805329266","0.1","C"
"1.48811942815982","0.2","C"
"2.21197522108517","0.3","C"
"3.22121525439028","0.4","C"
"5.57005992439294","0.5","C"
"0.0970515222107834","0","A"
"0.0889241938363307","0.1","A"
"0.300493689574284","0.2","A"
"0.702294427287437","0.3","A"
"0.874329153579069","0.4","A"
"1.60159227967283","0.5","A"
"0.0971037732944981","0","B"
"0.398180711921879","0.1","B"
"0.601450695995413","0.2","B"
"2.16821263247403","0.3","B"
"2.6900747755563","0.4","B"
"3.97999814007529","0.5","B"
"0.250241353532149","0","C"
"0.32439351305105","0.1","C"
"1.14516604744313","0.2","C"
"2.79650184842987","0.3","C"
"3.53072579199484","0.4","C"
"6.37927157882793","0.5","C"
"0.0605182886259383","0","A"
"0.116574995358068","0.1","A"
"0.289864624297219","0.2","A"
"0.443042256411979","0.3","A"
"0.908893704251314","0.4","A"
"1.25606591402235","0.5","A"
"0.117070212235046","0","B"
"0.174433340122516","0.1","B"
"0.909777208551546","0.2","B"
"1.29105314428919","0.3","B"
"3.07261591641242","0.4","B"
"3.13536972972123","0.5","B"
"0.173536260726136","0","C"
"0.367967178364935","0.1","C"
"1.12437615749385","0.2","C"
"1.72482004499897","0.3","C"
"3.54661081523589","0.4","C"
"4.92180915396056","0.5","C"
"0.012103107448205","0","A"
"0.0881502575773713","0.1","A"
"0.154616786110845","0.2","A"
"0.45680498877754","0.3","A"
"0.991359435773479","0.4","A"
"1.17159402043368","0.5","A"
"0.0212894637350308","0","B"
"0.158015585343636","0.1","B"
"0.468425695404876","0.2","B"
"1.33578251665486","0.3","B"
"3.71524404703465","0.4","B"
"4.53690710451432","0.5","B"
"0.0309659962600232","0","C"
"0.284173765965758","0.1","C"
"0.603783737647805","0.2","C"
"1.79061991777754","0.3","C"
"3.79655524139842","0.4","C"
"4.66926771101453","0.5","C"
"0.154798683613702","0","A"
"0.0941831966302765","0.1","A"
"0.286819811372761","0.2","A"
"0.539082254547882","0.3","A"
"0.443027265404556","0.4","A"
"1.19614846108527","0.5","A"
"0.160102711623558","0","B"
"0.0950654107096319","0.1","B"
"1.26874830635999","0.2","B"
"1.03060837169138","0.3","B"
"1.13266210910035","0.4","B"
"3.90996002794473","0.5","B"
"0.398526251456035","0","C"
"0.309278862470984","0.1","C"
"1.0822870112008","0.2","C"
"1.98243176046669","0.3","C"
"1.65635656489319","0.4","C"
"4.76598058943491","0.5","C"
"0.0275740255511667","0","A"
"0.0765080414729495","0.1","A"
"0.414663477601578","0.2","A"
"0.432290513925994","0.3","A"
"0.96931613231067","0.4","A"
"1.4362877011932","0.5","A"
"0.0320382810747468","0","B"
"0.141925399298827","0.1","B"
"1.14050767683772","0.2","B"
"1.58162470410915","0.3","B"
"3.55054061240821","0.4","B"
"4.15719947051316","0.5","B"
"0.0710077545953595","0","C"
"0.272136776404174","0.1","C"
"1.59726659585921","0.2","C"
"1.74344177912795","0.3","C"
"3.77111779029972","0.4","C"
"5.83654809052636","0.5","C"
"0.0247729263964622","0","A"
"0.143775056003187","0.1","A"
"0.174228292287903","0.2","A"
"0.439198240242455","0.3","A"
"1.0478557800845","0.4","A"
"1.35472635595366","0.5","A"
"0.0379285045610633","0","B"
"0.263877403532221","0.1","B"
"0.778059558669199","0.2","B"
"1.53653822186606","0.3","B"
"3.85396541531652","0.4","B"
"4.01772559634564","0.5","B"
"0.063829458891099","0","C"
"0.490184191605551","0.1","C"
"0.634685442540859","0.2","C"
"1.65877401186932","0.3","C"
"4.13682722554404","0.4","C"
"5.50681992251298","0.5","C"
"0.0488447389715932","0","A"
"0.0380362202990085","0.1","A"
"0.263030444580126","0.2","A"
"0.387469040850072","0.3","A"
"0.795706220457027","0.4","A"
"1.34846992911414","0.5","A"
"0.0946962001889342","0","B"
"0.0575918049883014","0.1","B"
"0.759951033205318","0.2","B"
"1.51084310091448","0.3","B"
"2.6396452646957","0.4","B"
"5.52672000972774","0.5","B"
"0.168870529676923","0","C"
"0.114176524353487","0.1","C"
"1.05638010176092","0.2","C"
"1.51454202250824","0.3","C"
"3.16102969530314","0.4","C"
"5.3847140097481","0.5","C"
"0.0938219072671654","0","A"
"0.0713130125813685","0.1","A"
"0.228233489602569","0.2","A"
"0.443710331859166","0.3","A"
"1.03901192778714","0.4","A"
"1.06741538549528","0.5","A"
"0.0933428406749629","0","B"
"0.11253420298057","0.1","B"
"0.518279485172318","0.2","B"
"1.86017457818757","0.3","B"
"2.46100445304316","0.4","B"
"3.75701892990394","0.5","B"
"0.257664566614874","0","C"
"0.218685369414565","0.1","C"
"0.810935343699424","0.2","C"
"1.7285833079202","0.3","C"
"4.01504480969194","0.4","C"
"4.18297755333359","0.5","C"
"0.0616493476498058","0","A"
"0.114608846563617","0.1","A"
"0.238159832120974","0.2","A"
"0.44294911413107","0.3","A"
"0.95599782250367","0.4","A"
"1.47238621078195","0.5","A"
"0.125866004507663","0","B"
"0.11535527912362","0.1","B"
"0.612410579221327","0.2","B"
"1.51331912378837","0.3","B"
"3.39030205250906","0.4","B"
"5.4019757068615","0.5","B"
"0.156210859001418","0","C"
"0.305883152711895","0.1","C"
"0.877926515771619","0.2","C"
"1.68080765882189","0.3","C"
"3.83562018789836","0.4","C"
"5.8032636721311","0.5","C"
"0.0251059940431146","0","A"
"0.115054825582814","0.1","A"
"0.292258349733876","0.2","A"
"0.380542930728409","0.3","A"
"0.827650158649813","0.4","A"
"1.14213575039653","0.5","A"
"0.0355507913511056","0","B"
"0.286281714035714","0.1","B"
"0.802634144330685","0.2","B"
"0.97149877946298","0.3","B"
"2.67649309392517","0.4","B"
"3.11093070547843","0.5","B"
"0.073797454793392","0","C"
"0.430077181327085","0.1","C"
"1.10753931237293","0.2","C"
"1.42949434842198","0.3","C"
"3.32491755799017","0.4","C"
"4.48056712325554","0.5","C"
"0.0437171388938805","0","A"
"0.171963976176291","0.1","A"
"0.195066004293377","0.2","A"
"0.49307941591457","0.3","A"
"0.853277868460428","0.4","A"
"1.27468781066947","0.5","A"
"0.045782256676097","0","B"
"0.166647727395398","0.1","B"
"0.775766454751349","0.2","B"
"1.21019837652118","0.3","B"
"3.3005136244925","0.4","B"
"4.71879469116566","0.5","B"
"0.152355433953692","0","C"
"0.531095247705324","0.1","C"
"0.721725852821601","0.2","C"
"1.8041154384273","0.3","C"
"3.34576437985118","0.4","C"
"5.04159498758741","0.5","C"
"0.0533475835002973","0","A"
"0.0805023497737962","0.1","A"
"0.17645342773488","0.2","A"
"0.432025523098598","0.3","A"
"0.679036618798515","0.4","A"
"1.24640234552385","0.5","A"
"0.118388791405521","0","B"
"0.193420135532101","0.1","B"
"0.222076938774091","0.2","B"
"1.46745816247069","0.3","B"
"2.05040841324624","0.4","B"
"4.70149141232455","0.5","B"
"0.167094840205822","0","C"
"0.303478468432141","0.1","C"
"0.597446567865558","0.2","C"
"1.64477973790165","0.3","C"
"2.7256206042806","0.4","C"
"5.06307447110343","0.5","C"
"0.0287153592738234","0","A"
"0.0223200302869369","0.1","A"
"0.317621595753285","0.2","A"
"0.463628761141088","0.3","A"
"0.895129280447611","0.4","A"
"1.2104232663645","0.5","A"
"0.0601374941986338","0","B"
"0.0225189302691879","0.1","B"
"1.08137726874074","0.2","B"
"1.6601340851426","0.3","B"
"2.52970815770378","0.4","B"
"4.46739502913822","0.5","B"
"0.0741853672709347","0","C"
"0.0626557160916839","0.1","C"
"1.22036729561791","0.2","C"
"1.86292220801474","0.3","C"
"3.49467382033748","0.4","C"
"4.75965410142299","0.5","C"
"0.0573010917177319","0","A"
"0.0515444567382795","0.1","A"
"0.308157151981147","0.2","A"
"0.490560272079836","0.3","A"
"0.581391861753753","0.4","A"
"1.35859068390737","0.5","A"
"0.0588557221445552","0","B"
"0.175141090423644","0.1","B"
"1.05643770485858","0.2","B"
"1.47926428416983","0.3","B"
"2.08333044462708","0.4","B"
"5.0237622938621","0.5","B"
"0.157461652949309","0","C"
"0.181202988729136","0.1","C"
"1.24054314894271","0.2","C"
"1.87326226604986","0.3","C"
"2.18842056693341","0.4","C"
"5.52298977010908","0.5","C"
"0.0700181889318769","0","A"
"0.0901600314858237","0.1","A"
"0.16749677694604","0.2","A"
"0.330789929949811","0.3","A"
"0.997886937897552","0.4","A"
"1.92980282218363","0.5","A"
"0.0915196956524862","0","B"
"0.338370004064026","0.1","B"
"0.608747878222913","0.2","B"
"0.825654113922173","0.3","B"
"1.93625558739358","0.4","B"
"7.34755905562512","0.5","B"
"0.179595131180988","0","C"
"0.316665021121109","0.1","C"
"0.651449578360851","0.2","C"
"1.25933393369489","0.3","C"
"3.86764862712998","0.4","C"
"7.75709892585032","0.5","C"
"0.0171954072280354","0","A"
"0.094456886825498","0.1","A"
"0.0873530156323147","0.2","A"
"0.198120923375783","0.3","A"
"0.959414713690478","0.4","A"
"1.01801827307301","0.5","A"
"0.0206580499294633","0","B"
"0.346564170828676","0.1","B"
"0.139128706935265","0.2","B"
"0.502443740568333","0.3","B"
"3.48944979849771","0.4","B"
"3.23517246848666","0.5","B"
"0.0455727790123172","0","C"
"0.343973872859816","0.1","C"
"0.314478859848483","0.2","C"
"0.770092030378226","0.3","C"
"3.93747657640831","0.4","C"
"4.14851586686292","0.5","C"
"0.0463845964230009","0","A"
"0.234845476930301","0.1","A"
"0.390013720551727","0.2","A"
"0.833611353833461","0.3","A"
"0.81263897581022","0.4","A"
"1.38423373517349","0.5","A"
"0.0609930403815655","0","B"
"0.725213194240847","0.1","B"
"1.35873201918354","0.2","B"
"1.80697163507765","0.3","B"
"2.78751064429928","0.4","B"
"3.65307964141727","0.5","B"
"0.11672557571764","0","C"
"0.861522923373694","0.1","C"
"1.52077204289768","0.2","C"
"3.25426797134191","0.3","C"
"3.1785848035019","0.4","C"
"5.52542716666803","0.5","C"
"0.0755797623902004","0","A"
"0.137214537306317","0.1","A"
"0.222724255187807","0.2","A"
"0.587433850350645","0.3","A"
"0.572433825914484","0.4","A"
"1.23416126052111","0.5","A"
"0.0870674652675666","0","B"
"0.189976065558774","0.1","B"
"0.540620805624236","0.2","B"
"1.96266791291205","0.3","B"
"1.37067356955515","0.4","B"
"4.9925198213241","0.5","B"
"0.201393957409445","0","C"
"0.416739211988524","0.1","C"
"0.816124780366067","0.2","C"
"2.26568131852743","0.3","C"
"2.27118512220281","0.4","C"
"5.06996673953382","0.5","C"
"0.0416901402514489","0","A"
"0.0905081253498642","0.1","A"
"0.414429718402609","0.2","A"
"0.489120847154641","0.3","A"
"0.902503969473563","0.4","A"
"1.13798451777599","0.5","A"
"0.0402457968277891","0","B"
"0.209740164966457","0.1","B"
"1.03985798818555","0.2","B"
"1.34567458058594","0.3","B"
"3.27845768441926","0.4","B"
"3.87786357010182","0.5","B"
"0.116316730048894","0","C"
"0.332785234273145","0.1","C"
"1.66076925340566","0.2","C"
"1.89157526853263","0.3","C"
"3.61090510948067","0.4","C"
"4.44699442478522","0.5","C"
"0.0499907779395171","0","A"
"0.0782912301245006","0.1","A"
"0.156019564071347","0.2","A"
"0.611215030704038","0.3","A"
"1.01688962176718","0.4","A"
"1.30634383149889","0.5","A"
"0.0528893605884924","0","B"
"0.341648733536958","0.1","B"
"0.645259186726793","0.2","B"
"2.0390486421003","0.3","B"
"3.18291170830706","0.4","B"
"3.82841719878108","0.5","B"
"0.143341620889517","0","C"
"0.249264172624706","0.1","C"
"0.550889756653049","0.2","C"
"2.40534372727382","0.3","C"
"4.08023100016814","0.4","C"
"5.20785547024498","0.5","C"
"0.0501662820718635","0","A"
"0.101792955167375","0.1","A"
"0.211167275747097","0.2","A"
"0.388116047704253","0.3","A"
"0.880025919907038","0.4","A"
"1.34009562380632","0.5","A"
"0.12436481200922","0","B"
"0.360283170280138","0.1","B"
"1.05217898307161","0.2","B"
"1.43270707337517","0.3","B"
"2.45859986470898","0.4","B"
"3.92938446814191","0.5","B"
"0.130276773012962","0","C"
"0.310455641965991","0.1","C"
"0.770013551447276","0.2","C"
"1.46977910458389","0.3","C"
"3.41555183190693","0.4","C"
"5.25474588223112","0.5","C"
"0.028489276319324","0","A"
"0.0380025347348471","0.1","A"
"0.291171308384004","0.2","A"
"0.42670007784815","0.3","A"
"0.742384715534157","0.4","A"
"1.20214633412265","0.5","A"
"0.0744807538834316","0","B"
"0.093964021924015","0.1","B"
"0.609326107546712","0.2","B"
"1.34465982021231","0.3","B"
"2.54930076678369","0.4","B"
"4.18800701152637","0.5","B"
"0.0851270980433619","0","C"
"0.125948556652809","0.1","C"
"1.07047462589073","0.2","C"
"1.62543026244518","0.3","C"
"2.95238974140396","0.4","C"
"4.7694889059426","0.5","C"
"0.0520327583110567","0","A"
"0.194634504264441","0.1","A"
"0.423847539819217","0.2","A"
"0.394658231981726","0.3","A"
"0.893059725104091","0.4","A"
"1.70701082099343","0.5","A"
"0.0754496016693552","0","B"
"0.339576318876803","0.1","B"
"0.860893089861181","0.2","B"
"1.00126120806794","0.3","B"
"3.21731680721351","0.4","B"
"4.12741428909431","0.5","B"
"0.177612263310332","0","C"
"0.575788548395594","0.1","C"
"1.57507867328603","0.2","C"
"1.53514167881004","0.3","C"
"3.49766799136765","0.4","C"
"6.71650062232202","0.5","C"
